Postal/ZIP|Internet URL|Type|TotalDueBalance|Terms|Tamtagebal5|Tamtagebal4|Tamtagebal3|Tamtagebal2|Tamtagebal1|StdCh|Date|Prov/State|Name|Site|G/L Reference|Project|Phone|Row Pointer|Pamount|Pairvalue|Address|Address|Namount|Name|Invoice Seq|Invoice|Phone|Eurotamtagebal5|Eurotamtagebal4|Eurotamtagebal3|Eurotamtagebal2|Eurotamtagebal1|Europamount|Eurobalance2|Email|Date|Description|Address|Debit|Date|CustSeq|Customer|Address|Name|Currency|Currency|Postal/ZIP|Address|Credit|User Name|CreateDate|Country|Contact|City|Bank Transit Number|Name|Bank Account|Balance2|Balance1|Invoice|Number of Invoices|Address|Address|Address|Address
||Payment|||1552392.84|15257.93|13257.93|12257.93|0|P|23-04-21 0:00||MJSB|MJSB|30310||03-4065 0111|b1c4bd6d-5a59-4b9d-8ca0-faa1b149eff9|-0.01|0|"MAKIN JUTA SDN BHD
1816, Jalan KPB 1,"|"MAKIN JUTA SDN BHD, 1816, Jalan KPB 1,, Kawasan Perindustrian Kg Baru Balakong, 43300 Seri Kembangan Selangor, 
P: 603 8961 3111"|0.01|MCC OVERSEAS (M) SDN BHD|30310|0|03-4065 0121/122|0|0|0|0|0|0|0||13-11-20|60 Days|"MCC OVERSEAS (M) SDN BHD
LEVEL B3, B1 & LG , BLOCK E6, EMPIRE DAMANSARA
NO.2 JALAN PJU 8/8A
BANDAR DAMANSARA PERDANA
47820 PETALING JAYA
03-4065 0121/122"||13-11-20|-1|AR-M093|"MCC OVERSEAS (M) SDN BHD
LEVEL B3, B1 & LG , BLOCK E6, EMPIRE DAMANSARA
NO.2 JALAN PJU 8/8A
BANDAR DAMANSARA PERDANA
47820 PETALING JAYA"|MAKIN JUTA SDN BHD|MYR|MYR||1816, Jalan KPB 1,|||||||        |Malayan Banking Bhd|5140 4842 1126|-0.01|-0.01|0|0|47820 PETALING JAYA|BANDAR DAMANSARA PERDANA|NO.2 JALAN PJU 8/8A|LEVEL B3, B1 & LG , BLOCK E6, EMPIRE DAMANSARA
||Payment|||1552392.84|15257.93|13257.93|12257.93|0|P|23-04-21 0:00||MJSB|MJSB|191231||03-4065 0111|c5639759-986c-4ac2-9de6-92366b0441ce|-3936.82|0|"MAKIN JUTA SDN BHD
1816, Jalan KPB 1,"|"MAKIN JUTA SDN BHD, 1816, Jalan KPB 1,, Kawasan Perindustrian Kg Baru Balakong, 43300 Seri Kembangan Selangor, 
P: 603 8961 3111"|3936.82|MCC OVERSEAS (M) SDN BHD|191231|0|03-4065 0121/122|0|0|0|0|0|0|0||31-12-19|60 Days|"MCC OVERSEAS (M) SDN BHD
LEVEL B3, B1 & LG , BLOCK E6, EMPIRE DAMANSARA
NO.2 JALAN PJU 8/8A
BANDAR DAMANSARA PERDANA
47820 PETALING JAYA
03-4065 0121/122"||31-12-19|-1|AR-M093|"MCC OVERSEAS (M) SDN BHD
LEVEL B3, B1 & LG , BLOCK E6, EMPIRE DAMANSARA
NO.2 JALAN PJU 8/8A
BANDAR DAMANSARA PERDANA
47820 PETALING JAYA"|MAKIN JUTA SDN BHD|MYR|MYR||1816, Jalan KPB 1,|||||||        |Malayan Banking Bhd|5140 4842 1126|-3936.82|-3936.83|0|0|47820 PETALING JAYA|BANDAR DAMANSARA PERDANA|NO.2 JALAN PJU 8/8A|LEVEL B3, B1 & LG , BLOCK E6, EMPIRE DAMANSARA
||Credit Memo|||1552392.84|15257.93|13257.93|12257.93|0|C|23-04-21 0:00||MJSB|MJSB|CN19001||03-4065 0111|e909ee0a-0064-4cd0-8027-d969800b7e88|1968.41|0|"MAKIN JUTA SDN BHD
1816, Jalan KPB 1,"|"MAKIN JUTA SDN BHD, 1816, Jalan KPB 1,, Kawasan Perindustrian Kg Baru Balakong, 43300 Seri Kembangan Selangor, 
P: 603 8961 3111"|0|MCC OVERSEAS (M) SDN BHD|0|CN19001|03-4065 0121/122|0|0|0|0|0|0|0||31-12-19|60 Days|"MCC OVERSEAS (M) SDN BHD
LEVEL B3, B1 & LG , BLOCK E6, EMPIRE DAMANSARA
NO.2 JALAN PJU 8/8A
BANDAR DAMANSARA PERDANA
47820 PETALING JAYA
03-4065 0121/122"||31-12-19|-1|AR-M093|"MCC OVERSEAS (M) SDN BHD
LEVEL B3, B1 & LG , BLOCK E6, EMPIRE DAMANSARA
NO.2 JALAN PJU 8/8A
BANDAR DAMANSARA PERDANA
47820 PETALING JAYA"|MAKIN JUTA SDN BHD|MYR|MYR||1816, Jalan KPB 1,|||||||        |Malayan Banking Bhd|5140 4842 1126|1968.41|-1968.42|0|0|47820 PETALING JAYA|BANDAR DAMANSARA PERDANA|NO.2 JALAN PJU 8/8A|LEVEL B3, B1 & LG , BLOCK E6, EMPIRE DAMANSARA
||Debit Memo|||1552392.84|15257.93|13257.93|12257.93|0|D|23-04-21 0:00||MJSB|MJSB|DN20071||03-4065 0111|6d56c256-c72a-4436-bd61-915b80266dff|12353.7|0|"MAKIN JUTA SDN BHD
1816, Jalan KPB 1,"|"MAKIN JUTA SDN BHD, 1816, Jalan KPB 1,, Kawasan Perindustrian Kg Baru Balakong, 43300 Seri Kembangan Selangor, 
P: 603 8961 3111"|0|MCC OVERSEAS (M) SDN BHD|0|DN20071|03-4065 0121/122|0|0|0|0|0|0|0||31-07-20|60 Days|"MCC OVERSEAS (M) SDN BHD
LEVEL B3, B1 & LG , BLOCK E6, EMPIRE DAMANSARA
NO.2 JALAN PJU 8/8A
BANDAR DAMANSARA PERDANA
47820 PETALING JAYA
03-4065 0121/122"||31-07-20|-1|AR-M093|"MCC OVERSEAS (M) SDN BHD
LEVEL B3, B1 & LG , BLOCK E6, EMPIRE DAMANSARA
NO.2 JALAN PJU 8/8A
BANDAR DAMANSARA PERDANA
47820 PETALING JAYA"|MAKIN JUTA SDN BHD|MYR|MYR||1816, Jalan KPB 1,|||||||        |Malayan Banking Bhd|5140 4842 1126|12353.7|10385.28|0|0|47820 PETALING JAYA|BANDAR DAMANSARA PERDANA|NO.2 JALAN PJU 8/8A|LEVEL B3, B1 & LG , BLOCK E6, EMPIRE DAMANSARA
||Debit Memo|||1552392.84|15257.93|13257.93|12257.93|0|D|23-04-21 0:00||MJSB|MJSB|DN20072||03-4065 0111|5cd3034f-4864-4572-bf4a-8d4588bb71ef|9335.04|0|"MAKIN JUTA SDN BHD
1816, Jalan KPB 1,"|"MAKIN JUTA SDN BHD, 1816, Jalan KPB 1,, Kawasan Perindustrian Kg Baru Balakong, 43300 Seri Kembangan Selangor, 
P: 603 8961 3111"|0|MCC OVERSEAS (M) SDN BHD|0|DN20072|03-4065 0121/122|0|0|0|0|0|0|0||31-07-20|60 Days|"MCC OVERSEAS (M) SDN BHD
LEVEL B3, B1 & LG , BLOCK E6, EMPIRE DAMANSARA
NO.2 JALAN PJU 8/8A
BANDAR DAMANSARA PERDANA
47820 PETALING JAYA
03-4065 0121/122"||31-07-20|-1|AR-M093|"MCC OVERSEAS (M) SDN BHD
LEVEL B3, B1 & LG , BLOCK E6, EMPIRE DAMANSARA
NO.2 JALAN PJU 8/8A
BANDAR DAMANSARA PERDANA
47820 PETALING JAYA"|MAKIN JUTA SDN BHD|MYR|MYR||1816, Jalan KPB 1,|||||||        |Malayan Banking Bhd|5140 4842 1126|9335.04|19720.32|0|0|47820 PETALING JAYA|BANDAR DAMANSARA PERDANA|NO.2 JALAN PJU 8/8A|LEVEL B3, B1 & LG , BLOCK E6, EMPIRE DAMANSARA
||Debit Memo|||1552392.84|15257.93|13257.93|12257.93|0|D|23-04-21 0:00||MJSB|MJSB|DN20094||03-4065 0111|355c774a-6343-47b3-b22d-4f09f3397fe9|12870.06|0|"MAKIN JUTA SDN BHD
1816, Jalan KPB 1,"|"MAKIN JUTA SDN BHD, 1816, Jalan KPB 1,, Kawasan Perindustrian Kg Baru Balakong, 43300 Seri Kembangan Selangor, 
P: 603 8961 3111"|0|MCC OVERSEAS (M) SDN BHD|0|DN20094|03-4065 0121/122|0|0|0|0|0|0|0||31-08-20|60 Days|"MCC OVERSEAS (M) SDN BHD
LEVEL B3, B1 & LG , BLOCK E6, EMPIRE DAMANSARA
NO.2 JALAN PJU 8/8A
BANDAR DAMANSARA PERDANA
47820 PETALING JAYA
03-4065 0121/122"||31-08-20|-1|AR-M093|"MCC OVERSEAS (M) SDN BHD
LEVEL B3, B1 & LG , BLOCK E6, EMPIRE DAMANSARA
NO.2 JALAN PJU 8/8A
BANDAR DAMANSARA PERDANA
47820 PETALING JAYA"|MAKIN JUTA SDN BHD|MYR|MYR||1816, Jalan KPB 1,|||||||        |Malayan Banking Bhd|5140 4842 1126|12870.06|32590.38|0|0|47820 PETALING JAYA|BANDAR DAMANSARA PERDANA|NO.2 JALAN PJU 8/8A|LEVEL B3, B1 & LG , BLOCK E6, EMPIRE DAMANSARA
||Debit Memo|||1552392.84|15257.93|13257.93|12257.93|0|D|23-04-21 0:00||MJSB|MJSB|DN20095||03-4065 0111|19470c69-d5ab-431f-a332-b12d4942578d|10487.23|0|"MAKIN JUTA SDN BHD
1816, Jalan KPB 1,"|"MAKIN JUTA SDN BHD, 1816, Jalan KPB 1,, Kawasan Perindustrian Kg Baru Balakong, 43300 Seri Kembangan Selangor, 
P: 603 8961 3111"|0|MCC OVERSEAS (M) SDN BHD|0|DN20095|03-4065 0121/122|0|0|0|0|0|0|0||31-08-20|60 Days|"MCC OVERSEAS (M) SDN BHD
LEVEL B3, B1 & LG , BLOCK E6, EMPIRE DAMANSARA
NO.2 JALAN PJU 8/8A
BANDAR DAMANSARA PERDANA
47820 PETALING JAYA
03-4065 0121/122"||31-08-20|-1|AR-M093|"MCC OVERSEAS (M) SDN BHD
LEVEL B3, B1 & LG , BLOCK E6, EMPIRE DAMANSARA
NO.2 JALAN PJU 8/8A
BANDAR DAMANSARA PERDANA
47820 PETALING JAYA"|MAKIN JUTA SDN BHD|MYR|MYR||1816, Jalan KPB 1,|||||||        |Malayan Banking Bhd|5140 4842 1126|10487.23|43077.61|0|0|47820 PETALING JAYA|BANDAR DAMANSARA PERDANA|NO.2 JALAN PJU 8/8A|LEVEL B3, B1 & LG , BLOCK E6, EMPIRE DAMANSARA
||Debit Memo|||1552392.84|15257.93|13257.93|12257.93|0|D|23-04-21 0:00||MJSB|MJSB|DN20122||03-4065 0111|f1f183f6-9c11-42bd-b08a-62d7ef02ace6|15042.65|0|"MAKIN JUTA SDN BHD
1816, Jalan KPB 1,"|"MAKIN JUTA SDN BHD, 1816, Jalan KPB 1,, Kawasan Perindustrian Kg Baru Balakong, 43300 Seri Kembangan Selangor, 
P: 603 8961 3111"|0|MCC OVERSEAS (M) SDN BHD|0|DN20122|03-4065 0121/122|0|0|0|0|0|0|0||30-09-20|60 Days|"MCC OVERSEAS (M) SDN BHD
LEVEL B3, B1 & LG , BLOCK E6, EMPIRE DAMANSARA
NO.2 JALAN PJU 8/8A
BANDAR DAMANSARA PERDANA
47820 PETALING JAYA
03-4065 0121/122"||30-09-20|-1|AR-M093|"MCC OVERSEAS (M) SDN BHD
LEVEL B3, B1 & LG , BLOCK E6, EMPIRE DAMANSARA
NO.2 JALAN PJU 8/8A
BANDAR DAMANSARA PERDANA
47820 PETALING JAYA"|MAKIN JUTA SDN BHD|MYR|MYR||1816, Jalan KPB 1,|||||||        |Malayan Banking Bhd|5140 4842 1126|15042.65|58120.26|0|0|47820 PETALING JAYA|BANDAR DAMANSARA PERDANA|NO.2 JALAN PJU 8/8A|LEVEL B3, B1 & LG , BLOCK E6, EMPIRE DAMANSARA
||Debit Memo|||1552392.84|15257.93|13257.93|12257.93|0|D|23-04-21 0:00||MJSB|MJSB|DN20123||03-4065 0111|fe086726-36d4-42d1-b63d-17e7a872d320|10487.23|0|"MAKIN JUTA SDN BHD
1816, Jalan KPB 1,"|"MAKIN JUTA SDN BHD, 1816, Jalan KPB 1,, Kawasan Perindustrian Kg Baru Balakong, 43300 Seri Kembangan Selangor, 
P: 603 8961 3111"|0|MCC OVERSEAS (M) SDN BHD|0|DN20123|03-4065 0121/122|0|0|0|0|0|0|0||30-09-20|60 Days|"MCC OVERSEAS (M) SDN BHD
LEVEL B3, B1 & LG , BLOCK E6, EMPIRE DAMANSARA
NO.2 JALAN PJU 8/8A
BANDAR DAMANSARA PERDANA
47820 PETALING JAYA
03-4065 0121/122"||30-09-20|-1|AR-M093|"MCC OVERSEAS (M) SDN BHD
LEVEL B3, B1 & LG , BLOCK E6, EMPIRE DAMANSARA
NO.2 JALAN PJU 8/8A
BANDAR DAMANSARA PERDANA
47820 PETALING JAYA"|MAKIN JUTA SDN BHD|MYR|MYR||1816, Jalan KPB 1,|||||||        |Malayan Banking Bhd|5140 4842 1126|10487.23|68607.49|0|0|47820 PETALING JAYA|BANDAR DAMANSARA PERDANA|NO.2 JALAN PJU 8/8A|LEVEL B3, B1 & LG , BLOCK E6, EMPIRE DAMANSARA
||Debit Memo|||1552392.84|15257.93|13257.93|12257.93|0|D|23-04-21 0:00||MJSB|MJSB|DN20144||03-4065 0111|3392063d-4672-478d-bb2b-c6bf2be15f47|8291.83|0|"MAKIN JUTA SDN BHD
1816, Jalan KPB 1,"|"MAKIN JUTA SDN BHD, 1816, Jalan KPB 1,, Kawasan Perindustrian Kg Baru Balakong, 43300 Seri Kembangan Selangor, 
P: 603 8961 3111"|0|MCC OVERSEAS (M) SDN BHD|0|DN20144|03-4065 0121/122|0|0|0|0|0|0|0||31-10-20|60 Days|"MCC OVERSEAS (M) SDN BHD
LEVEL B3, B1 & LG , BLOCK E6, EMPIRE DAMANSARA
NO.2 JALAN PJU 8/8A
BANDAR DAMANSARA PERDANA
47820 PETALING JAYA
03-4065 0121/122"||31-10-20|-1|AR-M093|"MCC OVERSEAS (M) SDN BHD
LEVEL B3, B1 & LG , BLOCK E6, EMPIRE DAMANSARA
NO.2 JALAN PJU 8/8A
BANDAR DAMANSARA PERDANA
47820 PETALING JAYA"|MAKIN JUTA SDN BHD|MYR|MYR||1816, Jalan KPB 1,|||||||        |Malayan Banking Bhd|5140 4842 1126|8291.83|76899.32|0|0|47820 PETALING JAYA|BANDAR DAMANSARA PERDANA|NO.2 JALAN PJU 8/8A|LEVEL B3, B1 & LG , BLOCK E6, EMPIRE DAMANSARA
||Debit Memo|||1552392.84|15257.93|13257.93|12257.93|0|D|23-04-21 0:00||MJSB|MJSB|DN20145||03-4065 0111|68fe59fa-f3fc-45ba-950a-042b7cc2c5a2|10487.23|0|"MAKIN JUTA SDN BHD
1816, Jalan KPB 1,"|"MAKIN JUTA SDN BHD, 1816, Jalan KPB 1,, Kawasan Perindustrian Kg Baru Balakong, 43300 Seri Kembangan Selangor, 
P: 603 8961 3111"|0|MCC OVERSEAS (M) SDN BHD|0|DN20145|03-4065 0121/122|0|0|0|0|0|0|0||31-10-20|60 Days|"MCC OVERSEAS (M) SDN BHD
LEVEL B3, B1 & LG , BLOCK E6, EMPIRE DAMANSARA
NO.2 JALAN PJU 8/8A
BANDAR DAMANSARA PERDANA
47820 PETALING JAYA
03-4065 0121/122"||31-10-20|-1|AR-M093|"MCC OVERSEAS (M) SDN BHD
LEVEL B3, B1 & LG , BLOCK E6, EMPIRE DAMANSARA
NO.2 JALAN PJU 8/8A
BANDAR DAMANSARA PERDANA
47820 PETALING JAYA"|MAKIN JUTA SDN BHD|MYR|MYR||1816, Jalan KPB 1,|||||||        |Malayan Banking Bhd|5140 4842 1126|10487.23|87386.55|0|0|47820 PETALING JAYA|BANDAR DAMANSARA PERDANA|NO.2 JALAN PJU 8/8A|LEVEL B3, B1 & LG , BLOCK E6, EMPIRE DAMANSARA
||Debit Memo|||1552392.84|15257.93|13257.93|12257.93|0|D|23-04-21 0:00||MJSB|MJSB|DN20158||03-4065 0111|6ea94c41-322d-4081-8d12-b90c58ef3dc0|7149.05|0|"MAKIN JUTA SDN BHD
1816, Jalan KPB 1,"|"MAKIN JUTA SDN BHD, 1816, Jalan KPB 1,, Kawasan Perindustrian Kg Baru Balakong, 43300 Seri Kembangan Selangor, 
P: 603 8961 3111"|0|MCC OVERSEAS (M) SDN BHD|0|DN20158|03-4065 0121/122|0|0|0|0|0|0|0||30-11-20|60 Days|"MCC OVERSEAS (M) SDN BHD
LEVEL B3, B1 & LG , BLOCK E6, EMPIRE DAMANSARA
NO.2 JALAN PJU 8/8A
BANDAR DAMANSARA PERDANA
47820 PETALING JAYA
03-4065 0121/122"||30-11-20|-1|AR-M093|"MCC OVERSEAS (M) SDN BHD
LEVEL B3, B1 & LG , BLOCK E6, EMPIRE DAMANSARA
NO.2 JALAN PJU 8/8A
BANDAR DAMANSARA PERDANA
47820 PETALING JAYA"|MAKIN JUTA SDN BHD|MYR|MYR||1816, Jalan KPB 1,|||||||        |Malayan Banking Bhd|5140 4842 1126|7149.05|94535.6|0|0|47820 PETALING JAYA|BANDAR DAMANSARA PERDANA|NO.2 JALAN PJU 8/8A|LEVEL B3, B1 & LG , BLOCK E6, EMPIRE DAMANSARA
||Debit Memo|||1552392.84|15257.93|13257.93|12257.93|0|D|23-04-21 0:00||MJSB|MJSB|DN20159||03-4065 0111|1d0aeb57-1593-48ea-96b8-11ed0a1dfa60|10487.23|0|"MAKIN JUTA SDN BHD
1816, Jalan KPB 1,"|"MAKIN JUTA SDN BHD, 1816, Jalan KPB 1,, Kawasan Perindustrian Kg Baru Balakong, 43300 Seri Kembangan Selangor, 
P: 603 8961 3111"|0|MCC OVERSEAS (M) SDN BHD|0|DN20159|03-4065 0121/122|0|0|0|0|0|0|0||30-11-20|60 Days|"MCC OVERSEAS (M) SDN BHD
LEVEL B3, B1 & LG , BLOCK E6, EMPIRE DAMANSARA
NO.2 JALAN PJU 8/8A
BANDAR DAMANSARA PERDANA
47820 PETALING JAYA
03-4065 0121/122"||30-11-20|-1|AR-M093|"MCC OVERSEAS (M) SDN BHD
LEVEL B3, B1 & LG , BLOCK E6, EMPIRE DAMANSARA
NO.2 JALAN PJU 8/8A
BANDAR DAMANSARA PERDANA
47820 PETALING JAYA"|MAKIN JUTA SDN BHD|MYR|MYR||1816, Jalan KPB 1,|||||||        |Malayan Banking Bhd|5140 4842 1126|10487.23|105022.83|0|0|47820 PETALING JAYA|BANDAR DAMANSARA PERDANA|NO.2 JALAN PJU 8/8A|LEVEL B3, B1 & LG , BLOCK E6, EMPIRE DAMANSARA
||Debit Memo|||1552392.84|15257.93|13257.93|12257.93|0|D|23-04-21 0:00||MJSB|MJSB|DN20163||03-4065 0111|0abc3c43-b9bc-434a-80a6-0cd50f3fd82f|7149.05|0|"MAKIN JUTA SDN BHD
1816, Jalan KPB 1,"|"MAKIN JUTA SDN BHD, 1816, Jalan KPB 1,, Kawasan Perindustrian Kg Baru Balakong, 43300 Seri Kembangan Selangor, 
P: 603 8961 3111"|0|MCC OVERSEAS (M) SDN BHD|0|DN20163|03-4065 0121/122|0|0|0|0|0|0|0||31-12-20|60 Days|"MCC OVERSEAS (M) SDN BHD
LEVEL B3, B1 & LG , BLOCK E6, EMPIRE DAMANSARA
NO.2 JALAN PJU 8/8A
BANDAR DAMANSARA PERDANA
47820 PETALING JAYA
03-4065 0121/122"||31-12-20|-1|AR-M093|"MCC OVERSEAS (M) SDN BHD
LEVEL B3, B1 & LG , BLOCK E6, EMPIRE DAMANSARA
NO.2 JALAN PJU 8/8A
BANDAR DAMANSARA PERDANA
47820 PETALING JAYA"|MAKIN JUTA SDN BHD|MYR|MYR||1816, Jalan KPB 1,|||||||        |Malayan Banking Bhd|5140 4842 1126|7149.05|112171.88|0|0|47820 PETALING JAYA|BANDAR DAMANSARA PERDANA|NO.2 JALAN PJU 8/8A|LEVEL B3, B1 & LG , BLOCK E6, EMPIRE DAMANSARA
||Debit Memo|||1552392.84|15257.93|13257.93|12257.93|0|D|23-04-21 0:00||MJSB|MJSB|DN20164||03-4065 0111|12cd6b25-e3ed-44e5-b880-ad1c38b436e8|10487.23|0|"MAKIN JUTA SDN BHD
1816, Jalan KPB 1,"|"MAKIN JUTA SDN BHD, 1816, Jalan KPB 1,, Kawasan Perindustrian Kg Baru Balakong, 43300 Seri Kembangan Selangor, 
P: 603 8961 3111"|0|MCC OVERSEAS (M) SDN BHD|0|DN20164|03-4065 0121/122|0|0|0|0|0|0|0||31-12-20|60 Days|"MCC OVERSEAS (M) SDN BHD
LEVEL B3, B1 & LG , BLOCK E6, EMPIRE DAMANSARA
NO.2 JALAN PJU 8/8A
BANDAR DAMANSARA PERDANA
47820 PETALING JAYA
03-4065 0121/122"||31-12-20|-1|AR-M093|"MCC OVERSEAS (M) SDN BHD
LEVEL B3, B1 & LG , BLOCK E6, EMPIRE DAMANSARA
NO.2 JALAN PJU 8/8A
BANDAR DAMANSARA PERDANA
47820 PETALING JAYA"|MAKIN JUTA SDN BHD|MYR|MYR||1816, Jalan KPB 1,|||||||        |Malayan Banking Bhd|5140 4842 1126|10487.23|122659.11|0|0|47820 PETALING JAYA|BANDAR DAMANSARA PERDANA|NO.2 JALAN PJU 8/8A|LEVEL B3, B1 & LG , BLOCK E6, EMPIRE DAMANSARA
||Debit Memo|||1552392.84|15257.93|13257.93|12257.93|0|D|23-04-21 0:00||MJSB|MJSB|DN21004||03-4065 0111|c4a4368a-9d70-496e-a658-75c34be669bb|6270.7|0|"MAKIN JUTA SDN BHD
1816, Jalan KPB 1,"|"MAKIN JUTA SDN BHD, 1816, Jalan KPB 1,, Kawasan Perindustrian Kg Baru Balakong, 43300 Seri Kembangan Selangor, 
P: 603 8961 3111"|0|MCC OVERSEAS (M) SDN BHD|0|DN21004|03-4065 0121/122|0|0|0|0|0|0|0||31-01-21|60 Days|"MCC OVERSEAS (M) SDN BHD
LEVEL B3, B1 & LG , BLOCK E6, EMPIRE DAMANSARA
NO.2 JALAN PJU 8/8A
BANDAR DAMANSARA PERDANA
47820 PETALING JAYA
03-4065 0121/122"||31-01-21|-1|AR-M093|"MCC OVERSEAS (M) SDN BHD
LEVEL B3, B1 & LG , BLOCK E6, EMPIRE DAMANSARA
NO.2 JALAN PJU 8/8A
BANDAR DAMANSARA PERDANA
47820 PETALING JAYA"|MAKIN JUTA SDN BHD|MYR|MYR||1816, Jalan KPB 1,|||||||        |Malayan Banking Bhd|5140 4842 1126|6270.7|128929.81|0|0|47820 PETALING JAYA|BANDAR DAMANSARA PERDANA|NO.2 JALAN PJU 8/8A|LEVEL B3, B1 & LG , BLOCK E6, EMPIRE DAMANSARA
||Debit Memo|||1552392.84|15257.93|13257.93|12257.93|0|D|23-04-21 0:00||MJSB|MJSB|DN21005||03-4065 0111|bdb03fcb-8945-4c52-8762-91022aaebbcb|8987.23|0|"MAKIN JUTA SDN BHD
1816, Jalan KPB 1,"|"MAKIN JUTA SDN BHD, 1816, Jalan KPB 1,, Kawasan Perindustrian Kg Baru Balakong, 43300 Seri Kembangan Selangor, 
P: 603 8961 3111"|0|MCC OVERSEAS (M) SDN BHD|0|DN21005|03-4065 0121/122|0|0|0|0|0|0|0||31-01-21|60 Days|"MCC OVERSEAS (M) SDN BHD
LEVEL B3, B1 & LG , BLOCK E6, EMPIRE DAMANSARA
NO.2 JALAN PJU 8/8A
BANDAR DAMANSARA PERDANA
47820 PETALING JAYA
03-4065 0121/122"||31-01-21|-1|AR-M093|"MCC OVERSEAS (M) SDN BHD
LEVEL B3, B1 & LG , BLOCK E6, EMPIRE DAMANSARA
NO.2 JALAN PJU 8/8A
BANDAR DAMANSARA PERDANA
47820 PETALING JAYA"|MAKIN JUTA SDN BHD|MYR|MYR||1816, Jalan KPB 1,|||||||        |Malayan Banking Bhd|5140 4842 1126|8987.23|137917.04|0|0|47820 PETALING JAYA|BANDAR DAMANSARA PERDANA|NO.2 JALAN PJU 8/8A|LEVEL B3, B1 & LG , BLOCK E6, EMPIRE DAMANSARA
||Debit Memo|||1552392.84|15257.93|13257.93|12257.93|0|D|23-04-21 0:00||MJSB|MJSB|DN21023||03-4065 0111|a26aef30-9176-41d6-9cb9-82e7c296f1c5|6270.7|0|"MAKIN JUTA SDN BHD
1816, Jalan KPB 1,"|"MAKIN JUTA SDN BHD, 1816, Jalan KPB 1,, Kawasan Perindustrian Kg Baru Balakong, 43300 Seri Kembangan Selangor, 
P: 603 8961 3111"|0|MCC OVERSEAS (M) SDN BHD|0|DN21023|03-4065 0121/122|0|0|0|0|0|0|0||28-02-21|60 Days|"MCC OVERSEAS (M) SDN BHD
LEVEL B3, B1 & LG , BLOCK E6, EMPIRE DAMANSARA
NO.2 JALAN PJU 8/8A
BANDAR DAMANSARA PERDANA
47820 PETALING JAYA
03-4065 0121/122"||28-02-21|-1|AR-M093|"MCC OVERSEAS (M) SDN BHD
LEVEL B3, B1 & LG , BLOCK E6, EMPIRE DAMANSARA
NO.2 JALAN PJU 8/8A
BANDAR DAMANSARA PERDANA
47820 PETALING JAYA"|MAKIN JUTA SDN BHD|MYR|MYR||1816, Jalan KPB 1,|||||||        |Malayan Banking Bhd|5140 4842 1126|6270.7|144187.74|0|0|47820 PETALING JAYA|BANDAR DAMANSARA PERDANA|NO.2 JALAN PJU 8/8A|LEVEL B3, B1 & LG , BLOCK E6, EMPIRE DAMANSARA
||Debit Memo|||1552392.84|15257.93|13257.93|12257.93|0|D|23-04-21 0:00||MJSB|MJSB|DN21024||03-4065 0111|2a3cf441-6961-4714-8ac3-b7faa2229b56|6987.23|0|"MAKIN JUTA SDN BHD
1816, Jalan KPB 1,"|"MAKIN JUTA SDN BHD, 1816, Jalan KPB 1,, Kawasan Perindustrian Kg Baru Balakong, 43300 Seri Kembangan Selangor, 
P: 603 8961 3111"|0|MCC OVERSEAS (M) SDN BHD|0|DN21024|03-4065 0121/122|0|0|0|0|0|0|0||28-02-21|60 Days|"MCC OVERSEAS (M) SDN BHD
LEVEL B3, B1 & LG , BLOCK E6, EMPIRE DAMANSARA
NO.2 JALAN PJU 8/8A
BANDAR DAMANSARA PERDANA
47820 PETALING JAYA
03-4065 0121/122"||28-02-21|-1|AR-M093|"MCC OVERSEAS (M) SDN BHD
LEVEL B3, B1 & LG , BLOCK E6, EMPIRE DAMANSARA
NO.2 JALAN PJU 8/8A
BANDAR DAMANSARA PERDANA
47820 PETALING JAYA"|MAKIN JUTA SDN BHD|MYR|MYR||1816, Jalan KPB 1,|||||||        |Malayan Banking Bhd|5140 4842 1126|6987.23|151174.97|0|0|47820 PETALING JAYA|BANDAR DAMANSARA PERDANA|NO.2 JALAN PJU 8/8A|LEVEL B3, B1 & LG , BLOCK E6, EMPIRE DAMANSARA
||Debit Memo|||1552392.84|15257.93|13257.93|12257.93|0|D|23-04-21 0:00||MJSB|MJSB|DN21037||03-4065 0111|9b7dc735-cf7c-4335-8f73-9678f71f968e|6270.7|0|"MAKIN JUTA SDN BHD
1816, Jalan KPB 1,"|"MAKIN JUTA SDN BHD, 1816, Jalan KPB 1,, Kawasan Perindustrian Kg Baru Balakong, 43300 Seri Kembangan Selangor, 
P: 603 8961 3111"|0|MCC OVERSEAS (M) SDN BHD|0|DN21037|03-4065 0121/122|0|0|0|0|0|0|0||31-03-21|60 Days|"MCC OVERSEAS (M) SDN BHD
LEVEL B3, B1 & LG , BLOCK E6, EMPIRE DAMANSARA
NO.2 JALAN PJU 8/8A
BANDAR DAMANSARA PERDANA
47820 PETALING JAYA
03-4065 0121/122"||31-03-21|-1|AR-M093|"MCC OVERSEAS (M) SDN BHD
LEVEL B3, B1 & LG , BLOCK E6, EMPIRE DAMANSARA
NO.2 JALAN PJU 8/8A
BANDAR DAMANSARA PERDANA
47820 PETALING JAYA"|MAKIN JUTA SDN BHD|MYR|MYR||1816, Jalan KPB 1,|||||||        |Malayan Banking Bhd|5140 4842 1126|6270.7|157445.67|0|0|47820 PETALING JAYA|BANDAR DAMANSARA PERDANA|NO.2 JALAN PJU 8/8A|LEVEL B3, B1 & LG , BLOCK E6, EMPIRE DAMANSARA
||Debit Memo|||1552392.84|15257.93|13257.93|12257.93|0|D|23-04-21 0:00||MJSB|MJSB|DN21038||03-4065 0111|1bfc99db-edad-46c1-a2bf-970e9df2edca|5987.23|0|"MAKIN JUTA SDN BHD
1816, Jalan KPB 1,"|"MAKIN JUTA SDN BHD, 1816, Jalan KPB 1,, Kawasan Perindustrian Kg Baru Balakong, 43300 Seri Kembangan Selangor, 
P: 603 8961 3111"|0|MCC OVERSEAS (M) SDN BHD|0|DN21038|03-4065 0121/122|0|0|0|0|0|0|0||31-03-21|60 Days|"MCC OVERSEAS (M) SDN BHD
LEVEL B3, B1 & LG , BLOCK E6, EMPIRE DAMANSARA
NO.2 JALAN PJU 8/8A
BANDAR DAMANSARA PERDANA
47820 PETALING JAYA
03-4065 0121/122"||31-03-21|-1|AR-M093|"MCC OVERSEAS (M) SDN BHD
LEVEL B3, B1 & LG , BLOCK E6, EMPIRE DAMANSARA
NO.2 JALAN PJU 8/8A
BANDAR DAMANSARA PERDANA
47820 PETALING JAYA"|MAKIN JUTA SDN BHD|MYR|MYR||1816, Jalan KPB 1,|||||||        |Malayan Banking Bhd|5140 4842 1126|5987.23|163432.9|0|0|47820 PETALING JAYA|BANDAR DAMANSARA PERDANA|NO.2 JALAN PJU 8/8A|LEVEL B3, B1 & LG , BLOCK E6, EMPIRE DAMANSARA
||Invoice||60|1552392.84|15257.93|13257.93|12257.93|0|I|23-04-21 0:00||MJSB|MJSB|  97110|Project: THE FACE II|03-4065 0111|84a14655-7f5f-445b-81b0-632ce490a96c|15915.12|0|"MAKIN JUTA SDN BHD
1816, Jalan KPB 1,"|"MAKIN JUTA SDN BHD, 1816, Jalan KPB 1,, Kawasan Perindustrian Kg Baru Balakong, 43300 Seri Kembangan Selangor, 
P: 603 8961 3111"|0|MCC OVERSEAS (M) SDN BHD|0|  97110|03-4065 0121/122|0|0|0|0|0|0|0||30-01-20|60 Days|"MCC OVERSEAS (M) SDN BHD
LEVEL B3, B1 & LG , BLOCK E6, EMPIRE DAMANSARA
NO.2 JALAN PJU 8/8A
BANDAR DAMANSARA PERDANA
47820 PETALING JAYA
03-4065 0121/122"||30-01-20|2|AR-M093|"MCC OVERSEAS (M) SDN BHD
LEVEL B3, B1 & LG , BLOCK E6, EMPIRE DAMANSARA
NO.2 JALAN PJU 8/8A
BANDAR DAMANSARA PERDANA
47820 PETALING JAYA"|MAKIN JUTA SDN BHD|MYR|MYR||1816, Jalan KPB 1,|||||||        |Malayan Banking Bhd|5140 4842 1126|15915.12|179348.02|  97110|1|47820 PETALING JAYA|BANDAR DAMANSARA PERDANA|NO.2 JALAN PJU 8/8A|LEVEL B3, B1 & LG , BLOCK E6, EMPIRE DAMANSARA
||Payment||60|1552392.84|15257.93|13257.93|12257.93|0|P|23-04-21 0:00||MJSB|MJSB|30924|Project: THE FACE II|03-4065 0111|7af46de5-b58c-41dc-b191-6154488c4d6b|-5631.62|0|"MAKIN JUTA SDN BHD
1816, Jalan KPB 1,"|"MAKIN JUTA SDN BHD, 1816, Jalan KPB 1,, Kawasan Perindustrian Kg Baru Balakong, 43300 Seri Kembangan Selangor, 
P: 603 8961 3111"|5631.62|MCC OVERSEAS (M) SDN BHD|30924|  97110|03-4065 0121/122|0|0|0|0|0|0|0||18-03-21|60 Days|"MCC OVERSEAS (M) SDN BHD
LEVEL B3, B1 & LG , BLOCK E6, EMPIRE DAMANSARA
NO.2 JALAN PJU 8/8A
BANDAR DAMANSARA PERDANA
47820 PETALING JAYA
03-4065 0121/122"||18-03-21|2|AR-M093|"MCC OVERSEAS (M) SDN BHD
LEVEL B3, B1 & LG , BLOCK E6, EMPIRE DAMANSARA
NO.2 JALAN PJU 8/8A
BANDAR DAMANSARA PERDANA
47820 PETALING JAYA"|MAKIN JUTA SDN BHD|MYR|MYR||1816, Jalan KPB 1,|||||||        |Malayan Banking Bhd|5140 4842 1126|-5631.62|173716.4|  97110|1|47820 PETALING JAYA|BANDAR DAMANSARA PERDANA|NO.2 JALAN PJU 8/8A|LEVEL B3, B1 & LG , BLOCK E6, EMPIRE DAMANSARA
||Invoice||60|1552392.84|15257.93|13257.93|12257.93|0|I|23-04-21 0:00||MJSB|MJSB|  97112|Project: THE FACE II|03-4065 0111|570d623d-560f-4ed2-a266-c301dca8d543|17238.76|0|"MAKIN JUTA SDN BHD
1816, Jalan KPB 1,"|"MAKIN JUTA SDN BHD, 1816, Jalan KPB 1,, Kawasan Perindustrian Kg Baru Balakong, 43300 Seri Kembangan Selangor, 
P: 603 8961 3111"|0|MCC OVERSEAS (M) SDN BHD|0|  97112|03-4065 0121/122|0|0|0|0|0|0|0||30-01-20|60 Days|"MCC OVERSEAS (M) SDN BHD
LEVEL B3, B1 & LG , BLOCK E6, EMPIRE DAMANSARA
NO.2 JALAN PJU 8/8A
BANDAR DAMANSARA PERDANA
47820 PETALING JAYA
03-4065 0121/122"||30-01-20|2|AR-M093|"MCC OVERSEAS (M) SDN BHD
LEVEL B3, B1 & LG , BLOCK E6, EMPIRE DAMANSARA
NO.2 JALAN PJU 8/8A
BANDAR DAMANSARA PERDANA
47820 PETALING JAYA"|MAKIN JUTA SDN BHD|MYR|MYR||1816, Jalan KPB 1,|||||||        |Malayan Banking Bhd|5140 4842 1126|17238.76|190955.16|  97112|1|47820 PETALING JAYA|BANDAR DAMANSARA PERDANA|NO.2 JALAN PJU 8/8A|LEVEL B3, B1 & LG , BLOCK E6, EMPIRE DAMANSARA
||Invoice||60|1552392.84|15257.93|13257.93|12257.93|0|I|23-04-21 0:00||MJSB|MJSB|  97113|Project: THE FACE II|03-4065 0111|90146026-5b9d-444b-9ce2-4b54514bd409|21957.37|0|"MAKIN JUTA SDN BHD
1816, Jalan KPB 1,"|"MAKIN JUTA SDN BHD, 1816, Jalan KPB 1,, Kawasan Perindustrian Kg Baru Balakong, 43300 Seri Kembangan Selangor, 
P: 603 8961 3111"|0|MCC OVERSEAS (M) SDN BHD|0|  97113|03-4065 0121/122|0|0|0|0|0|0|0||30-01-20|60 Days|"MCC OVERSEAS (M) SDN BHD
LEVEL B3, B1 & LG , BLOCK E6, EMPIRE DAMANSARA
NO.2 JALAN PJU 8/8A
BANDAR DAMANSARA PERDANA
47820 PETALING JAYA
03-4065 0121/122"||30-01-20|2|AR-M093|"MCC OVERSEAS (M) SDN BHD
LEVEL B3, B1 & LG , BLOCK E6, EMPIRE DAMANSARA
NO.2 JALAN PJU 8/8A
BANDAR DAMANSARA PERDANA
47820 PETALING JAYA"|MAKIN JUTA SDN BHD|MYR|MYR||1816, Jalan KPB 1,|||||||        |Malayan Banking Bhd|5140 4842 1126|21957.37|212912.53|  97113|1|47820 PETALING JAYA|BANDAR DAMANSARA PERDANA|NO.2 JALAN PJU 8/8A|LEVEL B3, B1 & LG , BLOCK E6, EMPIRE DAMANSARA
||Invoice||60|1552392.84|15257.93|13257.93|12257.93|0|I|23-04-21 0:00||MJSB|MJSB|  97257|Project: THE FACE II|03-4065 0111|ec944f3e-9c3d-453c-a708-073621baa72e|64346.34|0|"MAKIN JUTA SDN BHD
1816, Jalan KPB 1,"|"MAKIN JUTA SDN BHD, 1816, Jalan KPB 1,, Kawasan Perindustrian Kg Baru Balakong, 43300 Seri Kembangan Selangor, 
P: 603 8961 3111"|0|MCC OVERSEAS (M) SDN BHD|0|  97257|03-4065 0121/122|0|0|0|0|0|0|0||30-01-20|60 Days|"MCC OVERSEAS (M) SDN BHD
LEVEL B3, B1 & LG , BLOCK E6, EMPIRE DAMANSARA
NO.2 JALAN PJU 8/8A
BANDAR DAMANSARA PERDANA
47820 PETALING JAYA
03-4065 0121/122"||30-01-20|2|AR-M093|"MCC OVERSEAS (M) SDN BHD
LEVEL B3, B1 & LG , BLOCK E6, EMPIRE DAMANSARA
NO.2 JALAN PJU 8/8A
BANDAR DAMANSARA PERDANA
47820 PETALING JAYA"|MAKIN JUTA SDN BHD|MYR|MYR||1816, Jalan KPB 1,|||||||        |Malayan Banking Bhd|5140 4842 1126|64346.34|277258.87|  97257|1|47820 PETALING JAYA|BANDAR DAMANSARA PERDANA|NO.2 JALAN PJU 8/8A|LEVEL B3, B1 & LG , BLOCK E6, EMPIRE DAMANSARA
||Invoice||60|1552392.84|15257.93|13257.93|12257.93|0|I|23-04-21 0:00||MJSB|MJSB|  97352|Project: THE FACE II|03-4065 0111|0606b176-0e1b-4d57-8066-74a8bc02688c|64213.18|0|"MAKIN JUTA SDN BHD
1816, Jalan KPB 1,"|"MAKIN JUTA SDN BHD, 1816, Jalan KPB 1,, Kawasan Perindustrian Kg Baru Balakong, 43300 Seri Kembangan Selangor, 
P: 603 8961 3111"|0|MCC OVERSEAS (M) SDN BHD|0|  97352|03-4065 0121/122|0|0|0|0|0|0|0||30-01-20|60 Days|"MCC OVERSEAS (M) SDN BHD
LEVEL B3, B1 & LG , BLOCK E6, EMPIRE DAMANSARA
NO.2 JALAN PJU 8/8A
BANDAR DAMANSARA PERDANA
47820 PETALING JAYA
03-4065 0121/122"||30-01-20|2|AR-M093|"MCC OVERSEAS (M) SDN BHD
LEVEL B3, B1 & LG , BLOCK E6, EMPIRE DAMANSARA
NO.2 JALAN PJU 8/8A
BANDAR DAMANSARA PERDANA
47820 PETALING JAYA"|MAKIN JUTA SDN BHD|MYR|MYR||1816, Jalan KPB 1,|||||||        |Malayan Banking Bhd|5140 4842 1126|64213.18|341472.05|  97352|1|47820 PETALING JAYA|BANDAR DAMANSARA PERDANA|NO.2 JALAN PJU 8/8A|LEVEL B3, B1 & LG , BLOCK E6, EMPIRE DAMANSARA
||Invoice||60|1552392.84|15257.93|13257.93|12257.93|0|I|23-04-21 0:00||MJSB|MJSB|  97362|Project: THE FACE II|03-4065 0111|05f78cb6-b4b3-4828-80ec-11e61f8c24cc|21041|0|"MAKIN JUTA SDN BHD
1816, Jalan KPB 1,"|"MAKIN JUTA SDN BHD, 1816, Jalan KPB 1,, Kawasan Perindustrian Kg Baru Balakong, 43300 Seri Kembangan Selangor, 
P: 603 8961 3111"|0|MCC OVERSEAS (M) SDN BHD|0|  97362|03-4065 0121/122|0|0|0|0|0|0|0||30-01-20|60 Days|"MCC OVERSEAS (M) SDN BHD
LEVEL B3, B1 & LG , BLOCK E6, EMPIRE DAMANSARA
NO.2 JALAN PJU 8/8A
BANDAR DAMANSARA PERDANA
47820 PETALING JAYA
03-4065 0121/122"||30-01-20|2|AR-M093|"MCC OVERSEAS (M) SDN BHD
LEVEL B3, B1 & LG , BLOCK E6, EMPIRE DAMANSARA
NO.2 JALAN PJU 8/8A
BANDAR DAMANSARA PERDANA
47820 PETALING JAYA"|MAKIN JUTA SDN BHD|MYR|MYR||1816, Jalan KPB 1,|||||||        |Malayan Banking Bhd|5140 4842 1126|21041|362513.05|  97362|1|47820 PETALING JAYA|BANDAR DAMANSARA PERDANA|NO.2 JALAN PJU 8/8A|LEVEL B3, B1 & LG , BLOCK E6, EMPIRE DAMANSARA
||Invoice||60|1552392.84|15257.93|13257.93|12257.93|0|I|23-04-21 0:00||MJSB|MJSB|  97364|Project: THE FACE II|03-4065 0111|e4c5af21-ab84-4e18-885a-59b81cdf3b59|58565.44|0|"MAKIN JUTA SDN BHD
1816, Jalan KPB 1,"|"MAKIN JUTA SDN BHD, 1816, Jalan KPB 1,, Kawasan Perindustrian Kg Baru Balakong, 43300 Seri Kembangan Selangor, 
P: 603 8961 3111"|0|MCC OVERSEAS (M) SDN BHD|0|  97364|03-4065 0121/122|0|0|0|0|0|0|0||30-01-20|60 Days|"MCC OVERSEAS (M) SDN BHD
LEVEL B3, B1 & LG , BLOCK E6, EMPIRE DAMANSARA
NO.2 JALAN PJU 8/8A
BANDAR DAMANSARA PERDANA
47820 PETALING JAYA
03-4065 0121/122"||30-01-20|2|AR-M093|"MCC OVERSEAS (M) SDN BHD
LEVEL B3, B1 & LG , BLOCK E6, EMPIRE DAMANSARA
NO.2 JALAN PJU 8/8A
BANDAR DAMANSARA PERDANA
47820 PETALING JAYA"|MAKIN JUTA SDN BHD|MYR|MYR||1816, Jalan KPB 1,|||||||        |Malayan Banking Bhd|5140 4842 1126|58565.44|421078.49|  97364|1|47820 PETALING JAYA|BANDAR DAMANSARA PERDANA|NO.2 JALAN PJU 8/8A|LEVEL B3, B1 & LG , BLOCK E6, EMPIRE DAMANSARA
||Invoice||60|1552392.84|15257.93|13257.93|12257.93|0|I|23-04-21 0:00||MJSB|MJSB|  97386|Project: THE FACE II|03-4065 0111|d554fd06-66e0-4e27-aa65-ffaec8eb696a|34955.2|0|"MAKIN JUTA SDN BHD
1816, Jalan KPB 1,"|"MAKIN JUTA SDN BHD, 1816, Jalan KPB 1,, Kawasan Perindustrian Kg Baru Balakong, 43300 Seri Kembangan Selangor, 
P: 603 8961 3111"|0|MCC OVERSEAS (M) SDN BHD|0|  97386|03-4065 0121/122|0|0|0|0|0|0|0||30-01-20|60 Days|"MCC OVERSEAS (M) SDN BHD
LEVEL B3, B1 & LG , BLOCK E6, EMPIRE DAMANSARA
NO.2 JALAN PJU 8/8A
BANDAR DAMANSARA PERDANA
47820 PETALING JAYA
03-4065 0121/122"||30-01-20|2|AR-M093|"MCC OVERSEAS (M) SDN BHD
LEVEL B3, B1 & LG , BLOCK E6, EMPIRE DAMANSARA
NO.2 JALAN PJU 8/8A
BANDAR DAMANSARA PERDANA
47820 PETALING JAYA"|MAKIN JUTA SDN BHD|MYR|MYR||1816, Jalan KPB 1,|||||||        |Malayan Banking Bhd|5140 4842 1126|34955.2|456033.69|  97386|1|47820 PETALING JAYA|BANDAR DAMANSARA PERDANA|NO.2 JALAN PJU 8/8A|LEVEL B3, B1 & LG , BLOCK E6, EMPIRE DAMANSARA
||Invoice||60|1552392.84|15257.93|13257.93|12257.93|0|I|23-04-21 0:00||MJSB|MJSB|  97395|Project: THE FACE II|03-4065 0111|b492e98f-d945-47db-b37c-3b1b63b0407a|14663.13|0|"MAKIN JUTA SDN BHD
1816, Jalan KPB 1,"|"MAKIN JUTA SDN BHD, 1816, Jalan KPB 1,, Kawasan Perindustrian Kg Baru Balakong, 43300 Seri Kembangan Selangor, 
P: 603 8961 3111"|0|MCC OVERSEAS (M) SDN BHD|0|  97395|03-4065 0121/122|0|0|0|0|0|0|0||30-01-20|60 Days|"MCC OVERSEAS (M) SDN BHD
LEVEL B3, B1 & LG , BLOCK E6, EMPIRE DAMANSARA
NO.2 JALAN PJU 8/8A
BANDAR DAMANSARA PERDANA
47820 PETALING JAYA
03-4065 0121/122"||30-01-20|2|AR-M093|"MCC OVERSEAS (M) SDN BHD
LEVEL B3, B1 & LG , BLOCK E6, EMPIRE DAMANSARA
NO.2 JALAN PJU 8/8A
BANDAR DAMANSARA PERDANA
47820 PETALING JAYA"|MAKIN JUTA SDN BHD|MYR|MYR||1816, Jalan KPB 1,|||||||        |Malayan Banking Bhd|5140 4842 1126|14663.13|470696.82|  97395|1|47820 PETALING JAYA|BANDAR DAMANSARA PERDANA|NO.2 JALAN PJU 8/8A|LEVEL B3, B1 & LG , BLOCK E6, EMPIRE DAMANSARA
||Invoice||60|1552392.84|15257.93|13257.93|12257.93|0|I|23-04-21 0:00||MJSB|MJSB|  97558|Project: THE FACE II|03-4065 0111|06855747-fcbd-4484-a4a7-f16edd83954d|68605.76|0|"MAKIN JUTA SDN BHD
1816, Jalan KPB 1,"|"MAKIN JUTA SDN BHD, 1816, Jalan KPB 1,, Kawasan Perindustrian Kg Baru Balakong, 43300 Seri Kembangan Selangor, 
P: 603 8961 3111"|0|MCC OVERSEAS (M) SDN BHD|0|  97558|03-4065 0121/122|0|0|0|0|0|0|0||01-03-20|60 Days|"MCC OVERSEAS (M) SDN BHD
LEVEL B3, B1 & LG , BLOCK E6, EMPIRE DAMANSARA
NO.2 JALAN PJU 8/8A
BANDAR DAMANSARA PERDANA
47820 PETALING JAYA
03-4065 0121/122"||01-03-20|2|AR-M093|"MCC OVERSEAS (M) SDN BHD
LEVEL B3, B1 & LG , BLOCK E6, EMPIRE DAMANSARA
NO.2 JALAN PJU 8/8A
BANDAR DAMANSARA PERDANA
47820 PETALING JAYA"|MAKIN JUTA SDN BHD|MYR|MYR||1816, Jalan KPB 1,|||||||        |Malayan Banking Bhd|5140 4842 1126|68605.76|539302.58|  97558|1|47820 PETALING JAYA|BANDAR DAMANSARA PERDANA|NO.2 JALAN PJU 8/8A|LEVEL B3, B1 & LG , BLOCK E6, EMPIRE DAMANSARA
||Invoice||60|1552392.84|15257.93|13257.93|12257.93|0|I|23-04-21 0:00||MJSB|MJSB|  97647|Project: THE FACE II|03-4065 0111|10530aa7-fb3e-4d0d-8ffb-e88ed20a3d41|83624.24|0|"MAKIN JUTA SDN BHD
1816, Jalan KPB 1,"|"MAKIN JUTA SDN BHD, 1816, Jalan KPB 1,, Kawasan Perindustrian Kg Baru Balakong, 43300 Seri Kembangan Selangor, 
P: 603 8961 3111"|0|MCC OVERSEAS (M) SDN BHD|0|  97647|03-4065 0121/122|0|0|0|0|0|0|0||01-03-20|60 Days|"MCC OVERSEAS (M) SDN BHD
LEVEL B3, B1 & LG , BLOCK E6, EMPIRE DAMANSARA
NO.2 JALAN PJU 8/8A
BANDAR DAMANSARA PERDANA
47820 PETALING JAYA
03-4065 0121/122"||01-03-20|2|AR-M093|"MCC OVERSEAS (M) SDN BHD
LEVEL B3, B1 & LG , BLOCK E6, EMPIRE DAMANSARA
NO.2 JALAN PJU 8/8A
BANDAR DAMANSARA PERDANA
47820 PETALING JAYA"|MAKIN JUTA SDN BHD|MYR|MYR||1816, Jalan KPB 1,|||||||        |Malayan Banking Bhd|5140 4842 1126|83624.24|622926.82|  97647|1|47820 PETALING JAYA|BANDAR DAMANSARA PERDANA|NO.2 JALAN PJU 8/8A|LEVEL B3, B1 & LG , BLOCK E6, EMPIRE DAMANSARA
||Invoice||60|1552392.84|15257.93|13257.93|12257.93|0|I|23-04-21 0:00||MJSB|MJSB|  97652|Project: THE FACE II|03-4065 0111|752bd674-1490-4eac-9eb8-c2c00f85341b|84312.4|0|"MAKIN JUTA SDN BHD
1816, Jalan KPB 1,"|"MAKIN JUTA SDN BHD, 1816, Jalan KPB 1,, Kawasan Perindustrian Kg Baru Balakong, 43300 Seri Kembangan Selangor, 
P: 603 8961 3111"|0|MCC OVERSEAS (M) SDN BHD|0|  97652|03-4065 0121/122|0|0|0|0|0|0|0||01-03-20|60 Days|"MCC OVERSEAS (M) SDN BHD
LEVEL B3, B1 & LG , BLOCK E6, EMPIRE DAMANSARA
NO.2 JALAN PJU 8/8A
BANDAR DAMANSARA PERDANA
47820 PETALING JAYA
03-4065 0121/122"||01-03-20|2|AR-M093|"MCC OVERSEAS (M) SDN BHD
LEVEL B3, B1 & LG , BLOCK E6, EMPIRE DAMANSARA
NO.2 JALAN PJU 8/8A
BANDAR DAMANSARA PERDANA
47820 PETALING JAYA"|MAKIN JUTA SDN BHD|MYR|MYR||1816, Jalan KPB 1,|||||||        |Malayan Banking Bhd|5140 4842 1126|84312.4|707239.22|  97652|1|47820 PETALING JAYA|BANDAR DAMANSARA PERDANA|NO.2 JALAN PJU 8/8A|LEVEL B3, B1 & LG , BLOCK E6, EMPIRE DAMANSARA
||Invoice||60|1552392.84|15257.93|13257.93|12257.93|0|I|23-04-21 0:00||MJSB|MJSB|  97697|Project: THE FACE II|03-4065 0111|bca53040-c834-4d12-be55-c55622505e67|45989.34|0|"MAKIN JUTA SDN BHD
1816, Jalan KPB 1,"|"MAKIN JUTA SDN BHD, 1816, Jalan KPB 1,, Kawasan Perindustrian Kg Baru Balakong, 43300 Seri Kembangan Selangor, 
P: 603 8961 3111"|0|MCC OVERSEAS (M) SDN BHD|0|  97697|03-4065 0121/122|0|0|0|0|0|0|0||01-03-20|60 Days|"MCC OVERSEAS (M) SDN BHD
LEVEL B3, B1 & LG , BLOCK E6, EMPIRE DAMANSARA
NO.2 JALAN PJU 8/8A
BANDAR DAMANSARA PERDANA
47820 PETALING JAYA
03-4065 0121/122"||01-03-20|2|AR-M093|"MCC OVERSEAS (M) SDN BHD
LEVEL B3, B1 & LG , BLOCK E6, EMPIRE DAMANSARA
NO.2 JALAN PJU 8/8A
BANDAR DAMANSARA PERDANA
47820 PETALING JAYA"|MAKIN JUTA SDN BHD|MYR|MYR||1816, Jalan KPB 1,|||||||        |Malayan Banking Bhd|5140 4842 1126|45989.34|753228.56|  97697|1|47820 PETALING JAYA|BANDAR DAMANSARA PERDANA|NO.2 JALAN PJU 8/8A|LEVEL B3, B1 & LG , BLOCK E6, EMPIRE DAMANSARA
||Invoice||60|1552392.84|15257.93|13257.93|12257.93|0|I|23-04-21 0:00||MJSB|MJSB|  97727|Project: THE FACE II|03-4065 0111|fa843398-6502-494d-9f89-99e0592ecf42|10896|0|"MAKIN JUTA SDN BHD
1816, Jalan KPB 1,"|"MAKIN JUTA SDN BHD, 1816, Jalan KPB 1,, Kawasan Perindustrian Kg Baru Balakong, 43300 Seri Kembangan Selangor, 
P: 603 8961 3111"|0|MCC OVERSEAS (M) SDN BHD|0|  97727|03-4065 0121/122|0|0|0|0|0|0|0||01-03-20|60 Days|"MCC OVERSEAS (M) SDN BHD
LEVEL B3, B1 & LG , BLOCK E6, EMPIRE DAMANSARA
NO.2 JALAN PJU 8/8A
BANDAR DAMANSARA PERDANA
47820 PETALING JAYA
03-4065 0121/122"||01-03-20|2|AR-M093|"MCC OVERSEAS (M) SDN BHD
LEVEL B3, B1 & LG , BLOCK E6, EMPIRE DAMANSARA
NO.2 JALAN PJU 8/8A
BANDAR DAMANSARA PERDANA
47820 PETALING JAYA"|MAKIN JUTA SDN BHD|MYR|MYR||1816, Jalan KPB 1,|||||||        |Malayan Banking Bhd|5140 4842 1126|10896|764124.56|  97727|1|47820 PETALING JAYA|BANDAR DAMANSARA PERDANA|NO.2 JALAN PJU 8/8A|LEVEL B3, B1 & LG , BLOCK E6, EMPIRE DAMANSARA
||Invoice||60|1552392.84|15257.93|13257.93|12257.93|0|I|23-04-21 0:00||MJSB|MJSB|1000423|Project: 8 CONLAY|03-4065 0111|57b4a1f6-c57a-4fed-a0dd-f554f55c1076|47761.1|0|"MAKIN JUTA SDN BHD
1816, Jalan KPB 1,"|"MAKIN JUTA SDN BHD, 1816, Jalan KPB 1,, Kawasan Perindustrian Kg Baru Balakong, 43300 Seri Kembangan Selangor, 
P: 603 8961 3111"|0|MCC OVERSEAS (M) SDN BHD|0|1000423|03-4065 0121/122|0|0|0|0|0|0|0||30-04-20|60 Days|"MCC OVERSEAS (M) SDN BHD
LEVEL B3, B1 & LG , BLOCK E6, EMPIRE DAMANSARA
NO.2 JALAN PJU 8/8A
BANDAR DAMANSARA PERDANA
47820 PETALING JAYA
03-4065 0121/122"||30-04-20|1|AR-M093|"MCC OVERSEAS (M) SDN BHD
LEVEL B3, B1 & LG , BLOCK E6, EMPIRE DAMANSARA
NO.2 JALAN PJU 8/8A
BANDAR DAMANSARA PERDANA
47820 PETALING JAYA"|MAKIN JUTA SDN BHD|MYR|MYR||1816, Jalan KPB 1,|||||||        |Malayan Banking Bhd|5140 4842 1126|47761.1|811885.66|1000423|1|47820 PETALING JAYA|BANDAR DAMANSARA PERDANA|NO.2 JALAN PJU 8/8A|LEVEL B3, B1 & LG , BLOCK E6, EMPIRE DAMANSARA
||Invoice||60|1552392.84|15257.93|13257.93|12257.93|0|I|23-04-21 0:00||MJSB|MJSB|1000479|Project: 8 CONLAY|03-4065 0111|4371e5a5-b3aa-456d-bfe8-6938c1c1ca1f|47771.4|0|"MAKIN JUTA SDN BHD
1816, Jalan KPB 1,"|"MAKIN JUTA SDN BHD, 1816, Jalan KPB 1,, Kawasan Perindustrian Kg Baru Balakong, 43300 Seri Kembangan Selangor, 
P: 603 8961 3111"|0|MCC OVERSEAS (M) SDN BHD|0|1000479|03-4065 0121/122|0|0|0|0|0|0|0||30-04-20|60 Days|"MCC OVERSEAS (M) SDN BHD
LEVEL B3, B1 & LG , BLOCK E6, EMPIRE DAMANSARA
NO.2 JALAN PJU 8/8A
BANDAR DAMANSARA PERDANA
47820 PETALING JAYA
03-4065 0121/122"||30-04-20|1|AR-M093|"MCC OVERSEAS (M) SDN BHD
LEVEL B3, B1 & LG , BLOCK E6, EMPIRE DAMANSARA
NO.2 JALAN PJU 8/8A
BANDAR DAMANSARA PERDANA
47820 PETALING JAYA"|MAKIN JUTA SDN BHD|MYR|MYR||1816, Jalan KPB 1,|||||||        |Malayan Banking Bhd|5140 4842 1126|47771.4|859657.06|1000479|1|47820 PETALING JAYA|BANDAR DAMANSARA PERDANA|NO.2 JALAN PJU 8/8A|LEVEL B3, B1 & LG , BLOCK E6, EMPIRE DAMANSARA
||Invoice||60|1552392.84|15257.93|13257.93|12257.93|0|I|23-04-21 0:00||MJSB|MJSB|1000486|Project: 8 CONLAY|03-4065 0111|e7d2ba58-61ed-4fd9-8371-f7ab336efb17|79499.5|0|"MAKIN JUTA SDN BHD
1816, Jalan KPB 1,"|"MAKIN JUTA SDN BHD, 1816, Jalan KPB 1,, Kawasan Perindustrian Kg Baru Balakong, 43300 Seri Kembangan Selangor, 
P: 603 8961 3111"|0|MCC OVERSEAS (M) SDN BHD|0|1000486|03-4065 0121/122|0|0|0|0|0|0|0||30-04-20|60 Days|"MCC OVERSEAS (M) SDN BHD
LEVEL B3, B1 & LG , BLOCK E6, EMPIRE DAMANSARA
NO.2 JALAN PJU 8/8A
BANDAR DAMANSARA PERDANA
47820 PETALING JAYA
03-4065 0121/122"||30-04-20|1|AR-M093|"MCC OVERSEAS (M) SDN BHD
LEVEL B3, B1 & LG , BLOCK E6, EMPIRE DAMANSARA
NO.2 JALAN PJU 8/8A
BANDAR DAMANSARA PERDANA
47820 PETALING JAYA"|MAKIN JUTA SDN BHD|MYR|MYR||1816, Jalan KPB 1,|||||||        |Malayan Banking Bhd|5140 4842 1126|79499.5|939156.56|1000486|1|47820 PETALING JAYA|BANDAR DAMANSARA PERDANA|NO.2 JALAN PJU 8/8A|LEVEL B3, B1 & LG , BLOCK E6, EMPIRE DAMANSARA
||Invoice||60|1552392.84|15257.93|13257.93|12257.93|0|I|23-04-21 0:00||MJSB|MJSB|1000487|Project: 8 CONLAY|03-4065 0111|cbd4a15c-ef2b-473a-acc7-33682ce1f097|60870.08|0|"MAKIN JUTA SDN BHD
1816, Jalan KPB 1,"|"MAKIN JUTA SDN BHD, 1816, Jalan KPB 1,, Kawasan Perindustrian Kg Baru Balakong, 43300 Seri Kembangan Selangor, 
P: 603 8961 3111"|0|MCC OVERSEAS (M) SDN BHD|0|1000487|03-4065 0121/122|0|0|0|0|0|0|0||30-04-20|60 Days|"MCC OVERSEAS (M) SDN BHD
LEVEL B3, B1 & LG , BLOCK E6, EMPIRE DAMANSARA
NO.2 JALAN PJU 8/8A
BANDAR DAMANSARA PERDANA
47820 PETALING JAYA
03-4065 0121/122"||30-04-20|1|AR-M093|"MCC OVERSEAS (M) SDN BHD
LEVEL B3, B1 & LG , BLOCK E6, EMPIRE DAMANSARA
NO.2 JALAN PJU 8/8A
BANDAR DAMANSARA PERDANA
47820 PETALING JAYA"|MAKIN JUTA SDN BHD|MYR|MYR||1816, Jalan KPB 1,|||||||        |Malayan Banking Bhd|5140 4842 1126|60870.08|1000026.64|1000487|1|47820 PETALING JAYA|BANDAR DAMANSARA PERDANA|NO.2 JALAN PJU 8/8A|LEVEL B3, B1 & LG , BLOCK E6, EMPIRE DAMANSARA
||Invoice||60|1552392.84|15257.93|13257.93|12257.93|0|I|23-04-21 0:00||MJSB|MJSB|1000683|Project: 8 CONLAY|03-4065 0111|88ab3a57-e49c-488a-b69e-b6e14bb4e802|50960|0|"MAKIN JUTA SDN BHD
1816, Jalan KPB 1,"|"MAKIN JUTA SDN BHD, 1816, Jalan KPB 1,, Kawasan Perindustrian Kg Baru Balakong, 43300 Seri Kembangan Selangor, 
P: 603 8961 3111"|0|MCC OVERSEAS (M) SDN BHD|0|1000683|03-4065 0121/122|0|0|0|0|0|0|0||30-04-20|60 Days|"MCC OVERSEAS (M) SDN BHD
LEVEL B3, B1 & LG , BLOCK E6, EMPIRE DAMANSARA
NO.2 JALAN PJU 8/8A
BANDAR DAMANSARA PERDANA
47820 PETALING JAYA
03-4065 0121/122"||30-04-20|1|AR-M093|"MCC OVERSEAS (M) SDN BHD
LEVEL B3, B1 & LG , BLOCK E6, EMPIRE DAMANSARA
NO.2 JALAN PJU 8/8A
BANDAR DAMANSARA PERDANA
47820 PETALING JAYA"|MAKIN JUTA SDN BHD|MYR|MYR||1816, Jalan KPB 1,|||||||        |Malayan Banking Bhd|5140 4842 1126|50960|1050986.64|1000683|1|47820 PETALING JAYA|BANDAR DAMANSARA PERDANA|NO.2 JALAN PJU 8/8A|LEVEL B3, B1 & LG , BLOCK E6, EMPIRE DAMANSARA
||Invoice||60|1552392.84|15257.93|13257.93|12257.93|0|I|23-04-21 0:00||MJSB|MJSB|1000691|Project: 8 CONLAY|03-4065 0111|bfc231f8-cad8-48a6-9c24-6dee8ca4db6d|27440|0|"MAKIN JUTA SDN BHD
1816, Jalan KPB 1,"|"MAKIN JUTA SDN BHD, 1816, Jalan KPB 1,, Kawasan Perindustrian Kg Baru Balakong, 43300 Seri Kembangan Selangor, 
P: 603 8961 3111"|0|MCC OVERSEAS (M) SDN BHD|0|1000691|03-4065 0121/122|0|0|0|0|0|0|0||30-04-20|60 Days|"MCC OVERSEAS (M) SDN BHD
LEVEL B3, B1 & LG , BLOCK E6, EMPIRE DAMANSARA
NO.2 JALAN PJU 8/8A
BANDAR DAMANSARA PERDANA
47820 PETALING JAYA
03-4065 0121/122"||30-04-20|1|AR-M093|"MCC OVERSEAS (M) SDN BHD
LEVEL B3, B1 & LG , BLOCK E6, EMPIRE DAMANSARA
NO.2 JALAN PJU 8/8A
BANDAR DAMANSARA PERDANA
47820 PETALING JAYA"|MAKIN JUTA SDN BHD|MYR|MYR||1816, Jalan KPB 1,|||||||        |Malayan Banking Bhd|5140 4842 1126|27440|1078426.64|1000691|1|47820 PETALING JAYA|BANDAR DAMANSARA PERDANA|NO.2 JALAN PJU 8/8A|LEVEL B3, B1 & LG , BLOCK E6, EMPIRE DAMANSARA
||Invoice||60|1552392.84|15257.93|13257.93|12257.93|0|I|23-04-21 0:00||MJSB|MJSB|1000713|Project: 8 CONLAY|03-4065 0111|4c951454-7c9a-4ce5-a3ec-d363955e6ed8|39200|0|"MAKIN JUTA SDN BHD
1816, Jalan KPB 1,"|"MAKIN JUTA SDN BHD, 1816, Jalan KPB 1,, Kawasan Perindustrian Kg Baru Balakong, 43300 Seri Kembangan Selangor, 
P: 603 8961 3111"|0|MCC OVERSEAS (M) SDN BHD|0|1000713|03-4065 0121/122|0|0|0|0|0|0|0||30-04-20|60 Days|"MCC OVERSEAS (M) SDN BHD
LEVEL B3, B1 & LG , BLOCK E6, EMPIRE DAMANSARA
NO.2 JALAN PJU 8/8A
BANDAR DAMANSARA PERDANA
47820 PETALING JAYA
03-4065 0121/122"||30-04-20|1|AR-M093|"MCC OVERSEAS (M) SDN BHD
LEVEL B3, B1 & LG , BLOCK E6, EMPIRE DAMANSARA
NO.2 JALAN PJU 8/8A
BANDAR DAMANSARA PERDANA
47820 PETALING JAYA"|MAKIN JUTA SDN BHD|MYR|MYR||1816, Jalan KPB 1,|||||||        |Malayan Banking Bhd|5140 4842 1126|39200|1117626.64|1000713|1|47820 PETALING JAYA|BANDAR DAMANSARA PERDANA|NO.2 JALAN PJU 8/8A|LEVEL B3, B1 & LG , BLOCK E6, EMPIRE DAMANSARA
||Invoice||60|1552392.84|15257.93|13257.93|12257.93|0|I|23-04-21 0:00||MJSB|MJSB|1000947|Project: 8 CONLAY|03-4065 0111|6bd3ba53-750d-445e-8d05-fdacacefb708|99194.8|0|"MAKIN JUTA SDN BHD
1816, Jalan KPB 1,"|"MAKIN JUTA SDN BHD, 1816, Jalan KPB 1,, Kawasan Perindustrian Kg Baru Balakong, 43300 Seri Kembangan Selangor, 
P: 603 8961 3111"|0|MCC OVERSEAS (M) SDN BHD|0|1000947|03-4065 0121/122|0|0|0|0|0|0|0||30-05-20|60 Days|"MCC OVERSEAS (M) SDN BHD
LEVEL B3, B1 & LG , BLOCK E6, EMPIRE DAMANSARA
NO.2 JALAN PJU 8/8A
BANDAR DAMANSARA PERDANA
47820 PETALING JAYA
03-4065 0121/122"||30-05-20|1|AR-M093|"MCC OVERSEAS (M) SDN BHD
LEVEL B3, B1 & LG , BLOCK E6, EMPIRE DAMANSARA
NO.2 JALAN PJU 8/8A
BANDAR DAMANSARA PERDANA
47820 PETALING JAYA"|MAKIN JUTA SDN BHD|MYR|MYR||1816, Jalan KPB 1,|||||||        |Malayan Banking Bhd|5140 4842 1126|99194.8|1216821.44|1000947|1|47820 PETALING JAYA|BANDAR DAMANSARA PERDANA|NO.2 JALAN PJU 8/8A|LEVEL B3, B1 & LG , BLOCK E6, EMPIRE DAMANSARA
||Invoice||60|1552392.84|15257.93|13257.93|12257.93|0|I|23-04-21 0:00||MJSB|MJSB|1000986|Project: 8 CONLAY|03-4065 0111|00774783-aaad-4b61-a9d3-39eeb5ab91dc|39200|0|"MAKIN JUTA SDN BHD
1816, Jalan KPB 1,"|"MAKIN JUTA SDN BHD, 1816, Jalan KPB 1,, Kawasan Perindustrian Kg Baru Balakong, 43300 Seri Kembangan Selangor, 
P: 603 8961 3111"|0|MCC OVERSEAS (M) SDN BHD|0|1000986|03-4065 0121/122|0|0|0|0|0|0|0||30-05-20|60 Days|"MCC OVERSEAS (M) SDN BHD
LEVEL B3, B1 & LG , BLOCK E6, EMPIRE DAMANSARA
NO.2 JALAN PJU 8/8A
BANDAR DAMANSARA PERDANA
47820 PETALING JAYA
03-4065 0121/122"||30-05-20|1|AR-M093|"MCC OVERSEAS (M) SDN BHD
LEVEL B3, B1 & LG , BLOCK E6, EMPIRE DAMANSARA
NO.2 JALAN PJU 8/8A
BANDAR DAMANSARA PERDANA
47820 PETALING JAYA"|MAKIN JUTA SDN BHD|MYR|MYR||1816, Jalan KPB 1,|||||||        |Malayan Banking Bhd|5140 4842 1126|39200|1256021.44|1000986|1|47820 PETALING JAYA|BANDAR DAMANSARA PERDANA|NO.2 JALAN PJU 8/8A|LEVEL B3, B1 & LG , BLOCK E6, EMPIRE DAMANSARA
||Invoice||60|1552392.84|15257.93|13257.93|12257.93|0|I|23-04-21 0:00||MJSB|MJSB|1001094|Project: 8 CONLAY|03-4065 0111|0ee26ad4-895d-4727-b1d6-549efee8a956|54975.97|0|"MAKIN JUTA SDN BHD
1816, Jalan KPB 1,"|"MAKIN JUTA SDN BHD, 1816, Jalan KPB 1,, Kawasan Perindustrian Kg Baru Balakong, 43300 Seri Kembangan Selangor, 
P: 603 8961 3111"|0|MCC OVERSEAS (M) SDN BHD|0|1001094|03-4065 0121/122|0|0|0|0|0|0|0||30-05-20|60 Days|"MCC OVERSEAS (M) SDN BHD
LEVEL B3, B1 & LG , BLOCK E6, EMPIRE DAMANSARA
NO.2 JALAN PJU 8/8A
BANDAR DAMANSARA PERDANA
47820 PETALING JAYA
03-4065 0121/122"||30-05-20|1|AR-M093|"MCC OVERSEAS (M) SDN BHD
LEVEL B3, B1 & LG , BLOCK E6, EMPIRE DAMANSARA
NO.2 JALAN PJU 8/8A
BANDAR DAMANSARA PERDANA
47820 PETALING JAYA"|MAKIN JUTA SDN BHD|MYR|MYR||1816, Jalan KPB 1,|||||||        |Malayan Banking Bhd|5140 4842 1126|54975.97|1310997.41|1001094|1|47820 PETALING JAYA|BANDAR DAMANSARA PERDANA|NO.2 JALAN PJU 8/8A|LEVEL B3, B1 & LG , BLOCK E6, EMPIRE DAMANSARA
||Invoice||60|1552392.84|15257.93|13257.93|12257.93|0|I|23-04-21 0:00||MJSB|MJSB|1001095|Project: 8 CONLAY|03-4065 0111|6b56060a-ebd3-4477-ae2e-e22a6a793808|23888.19|0|"MAKIN JUTA SDN BHD
1816, Jalan KPB 1,"|"MAKIN JUTA SDN BHD, 1816, Jalan KPB 1,, Kawasan Perindustrian Kg Baru Balakong, 43300 Seri Kembangan Selangor, 
P: 603 8961 3111"|0|MCC OVERSEAS (M) SDN BHD|0|1001095|03-4065 0121/122|0|0|0|0|0|0|0||30-05-20|60 Days|"MCC OVERSEAS (M) SDN BHD
LEVEL B3, B1 & LG , BLOCK E6, EMPIRE DAMANSARA
NO.2 JALAN PJU 8/8A
BANDAR DAMANSARA PERDANA
47820 PETALING JAYA
03-4065 0121/122"||30-05-20|1|AR-M093|"MCC OVERSEAS (M) SDN BHD
LEVEL B3, B1 & LG , BLOCK E6, EMPIRE DAMANSARA
NO.2 JALAN PJU 8/8A
BANDAR DAMANSARA PERDANA
47820 PETALING JAYA"|MAKIN JUTA SDN BHD|MYR|MYR||1816, Jalan KPB 1,|||||||        |Malayan Banking Bhd|5140 4842 1126|23888.19|1334885.6|1001095|1|47820 PETALING JAYA|BANDAR DAMANSARA PERDANA|NO.2 JALAN PJU 8/8A|LEVEL B3, B1 & LG , BLOCK E6, EMPIRE DAMANSARA
||Invoice||60|1552392.84|15257.93|13257.93|12257.93|0|I|23-04-21 0:00||MJSB|MJSB|1001799|Project: 8 CONLAY|03-4065 0111|584f0eea-c2b0-4f21-b2f3-b836f05d1e72|67628|0|"MAKIN JUTA SDN BHD
1816, Jalan KPB 1,"|"MAKIN JUTA SDN BHD, 1816, Jalan KPB 1,, Kawasan Perindustrian Kg Baru Balakong, 43300 Seri Kembangan Selangor, 
P: 603 8961 3111"|0|MCC OVERSEAS (M) SDN BHD|0|1001799|03-4065 0121/122|0|0|0|0|0|0|0||30-08-20|60 Days|"MCC OVERSEAS (M) SDN BHD
LEVEL B3, B1 & LG , BLOCK E6, EMPIRE DAMANSARA
NO.2 JALAN PJU 8/8A
BANDAR DAMANSARA PERDANA
47820 PETALING JAYA
03-4065 0121/122"||30-08-20|1|AR-M093|"MCC OVERSEAS (M) SDN BHD
LEVEL B3, B1 & LG , BLOCK E6, EMPIRE DAMANSARA
NO.2 JALAN PJU 8/8A
BANDAR DAMANSARA PERDANA
47820 PETALING JAYA"|MAKIN JUTA SDN BHD|MYR|MYR||1816, Jalan KPB 1,|||||||        |Malayan Banking Bhd|5140 4842 1126|67628|1402513.6|1001799|1|47820 PETALING JAYA|BANDAR DAMANSARA PERDANA|NO.2 JALAN PJU 8/8A|LEVEL B3, B1 & LG , BLOCK E6, EMPIRE DAMANSARA
||Invoice||60|1552392.84|15257.93|13257.93|12257.93|0|I|23-04-21 0:00||MJSB|MJSB|1001810|Project: 8 CONLAY|03-4065 0111|194a7db8-f6f4-4c4d-a11b-70df4414b9df|86472.03|0|"MAKIN JUTA SDN BHD
1816, Jalan KPB 1,"|"MAKIN JUTA SDN BHD, 1816, Jalan KPB 1,, Kawasan Perindustrian Kg Baru Balakong, 43300 Seri Kembangan Selangor, 
P: 603 8961 3111"|0|MCC OVERSEAS (M) SDN BHD|0|1001810|03-4065 0121/122|0|0|0|0|0|0|0||30-08-20|60 Days|"MCC OVERSEAS (M) SDN BHD
LEVEL B3, B1 & LG , BLOCK E6, EMPIRE DAMANSARA
NO.2 JALAN PJU 8/8A
BANDAR DAMANSARA PERDANA
47820 PETALING JAYA
03-4065 0121/122"||30-08-20|1|AR-M093|"MCC OVERSEAS (M) SDN BHD
LEVEL B3, B1 & LG , BLOCK E6, EMPIRE DAMANSARA
NO.2 JALAN PJU 8/8A
BANDAR DAMANSARA PERDANA
47820 PETALING JAYA"|MAKIN JUTA SDN BHD|MYR|MYR||1816, Jalan KPB 1,|||||||        |Malayan Banking Bhd|5140 4842 1126|86472.03|1488985.63|1001810|1|47820 PETALING JAYA|BANDAR DAMANSARA PERDANA|NO.2 JALAN PJU 8/8A|LEVEL B3, B1 & LG , BLOCK E6, EMPIRE DAMANSARA
||Invoice||60|1552392.84|15257.93|13257.93|12257.93|0|I|23-04-21 0:00||MJSB|MJSB|1002575|Project: 8 CONLAY|03-4065 0111|1abd1b77-d671-4926-8688-1c4cb06dbc2c|104181|0|"MAKIN JUTA SDN BHD
1816, Jalan KPB 1,"|"MAKIN JUTA SDN BHD, 1816, Jalan KPB 1,, Kawasan Perindustrian Kg Baru Balakong, 43300 Seri Kembangan Selangor, 
P: 603 8961 3111"|0|MCC OVERSEAS (M) SDN BHD|0|1002575|03-4065 0121/122|0|0|0|0|0|0|0||30-10-20|60 Days|"MCC OVERSEAS (M) SDN BHD
LEVEL B3, B1 & LG , BLOCK E6, EMPIRE DAMANSARA
NO.2 JALAN PJU 8/8A
BANDAR DAMANSARA PERDANA
47820 PETALING JAYA
03-4065 0121/122"||30-10-20|1|AR-M093|"MCC OVERSEAS (M) SDN BHD
LEVEL B3, B1 & LG , BLOCK E6, EMPIRE DAMANSARA
NO.2 JALAN PJU 8/8A
BANDAR DAMANSARA PERDANA
47820 PETALING JAYA"|MAKIN JUTA SDN BHD|MYR|MYR||1816, Jalan KPB 1,|||||||        |Malayan Banking Bhd|5140 4842 1126|104181|1593166.63|1002575|1|47820 PETALING JAYA|BANDAR DAMANSARA PERDANA|NO.2 JALAN PJU 8/8A|LEVEL B3, B1 & LG , BLOCK E6, EMPIRE DAMANSARA
